{
  "request": {
    "ts": "2025-09-06T20:09:59.309994",
    "url": "/rs/prodChk",
    "payload": {
      "langCd": "ko",
      "csrfToken": "J43Ynxs/rKsqQVo2/4ui3FsIWA+tmC0LGs5X3gkEdkop76ZtcxJo1PTC2YY9yrzT:uC9gIM3miLpKNrbjlamS/QOYzbszOpRbsmgnhk3sBfs=",
      "prodSeq": "3000000779",
      "sdSeq": "2",
      "chnlCd": "WEB",
      "saleTycd": "SALE_NORMAL",
      "saleCondNo": "1",
      "perfDate": "20250922",
      "user_member_info1": "",
      "user_member_info2": "",
      "enCryptTelNo": ""
    },
    "headers": {
      "Referer": "https://biff.maketicket.co.kr/ko/onestop/rs?prodSeq=3000000779&sdSeq=2",
      "Origin": "https://filmonestop.maketicket.co.kr"
    }
  },
  "error": "no page available (scope=None)",
  "trace": "Traceback (most recent call last):\n  File \"C:\\Users\\HYEON\\projects\\BIFF\\biff2.py\", line 92, in post_api\n    resp = await _POST_API_ORIG(scope, url, payload or {}, extra_headers=extra_headers, **kwargs)\n  File \"C:\\Users\\HYEON\\projects\\BIFF\\biff.py\", line 1309, in post_api\n    return await fetch_json(\n  File \"C:\\Users\\HYEON\\projects\\BIFF\\biff.py\", line 67, in wrap\n    r = await fn(*a, **k)\n  File \"C:\\Users\\HYEON\\projects\\BIFF\\biff.py\", line 1357, in fetch_json\n    req = _request_ctx(scope_or_page)\n  File \"C:\\Users\\HYEON\\projects\\BIFF\\biff.py\", line 467, in _request_ctx\n    raise RuntimeError(\"no page available (scope=None)\")\nRuntimeError: no page available (scope=None)\n"
}