{
  "request": {
    "ts": "2025-09-06T20:09:25.622974",
    "url": "/seat/GetRsSeatBaseMap",
    "payload": {
      "prod_seq": "3000000933",
      "sd_seq": "1",
      "chnl_cd": "WEB",
      "sale_tycd": "SALE_NORMAL"
    },
    "headers": {
      "Referer": "https://biff.maketicket.co.kr/ko/onestop/rs/seat?prodSeq=3000000933&sdSeq=1/",
      "Origin": "https://biff.maketicket.co.kr"
    }
  },
  "keys": [
    "_raw"
  ],
  "summary": {
    "admissionTotalPersonCnt": null,
    "admissionAvailPersonCnt": null,
    "saleSeatCnt": null,
    "rendrSeatCnt": null,
    "restSeatCnt": null
  },
  "json": {
    "_raw": ""
  }
}