{
  "request": {
    "ts": "2025-09-06T20:09:18.627073",
    "url": "/rs/prod",
    "payload": {
      "prodSeq": "3000000933",
      "chnlCd": "WEB",
      "sdSeq": "",
      "saleTycd": "SALE_NORMAL",
      "saleCondNo": "1",
      "perfDate": "20250925",
      "csrfToken": "J43Ynxs/rKsqQVo2/4ui3FsIWA+tmC0LGs5X3gkEdkop76ZtcxJo1PTC2YY9yrzT:uC9gIM3miLpKNrbjlamS/QOYzbszOpRbsmgnhk3sBfs="
    },
    "headers": {
      "Referer": "https://biff.maketicket.co.kr/ko/onestop/rs?prodSeq=3000000933&sdSeq=1",
      "Origin": "https://filmonestop.maketicket.co.kr"
    }
  },
  "keys": [
    "_raw"
  ],
  "summary": {
    "admissionTotalPersonCnt": null,
    "admissionAvailPersonCnt": null,
    "saleSeatCnt": null,
    "rendrSeatCnt": null,
    "restSeatCnt": null
  },
  "json": {
    "_raw": ""
  }
}