{
  "request": {
    "ts": "2025-09-06T20:09:59.115995",
    "url": "/rs/prodSummary",
    "payload": {
      "langCd": "ko",
      "csrfToken": "",
      "prodSeq": "3000000779",
      "sdSeq": "2",
      "chnlCd": "WEB",
      "perfDate": "20250922"
    },
    "headers": {
      "Referer": "https://biff.maketicket.co.kr/ko/onestop/rs?prodSeq=3000000779&sdSeq=2/",
      "Origin": "https://biff.maketicket.co.kr"
    }
  },
  "keys": [
    "_raw"
  ],
  "summary": {
    "admissionTotalPersonCnt": null,
    "admissionAvailPersonCnt": null,
    "saleSeatCnt": null,
    "rendrSeatCnt": null,
    "restSeatCnt": null
  },
  "json": {
    "_raw": ""
  }
}